-- phpMyAdmin SQL Dump
-- version 4.9.0.1
-- https://www.phpmyadmin.net/
--
-- Host: 127.0.0.1
-- Generation Time: Nov 19, 2019 at 08:55 PM
-- Server version: 10.4.6-MariaDB
-- PHP Version: 7.1.31

SET SQL_MODE = "NO_AUTO_VALUE_ON_ZERO";
SET AUTOCOMMIT = 0;
START TRANSACTION;
SET time_zone = "+00:00";


/*!40101 SET @OLD_CHARACTER_SET_CLIENT=@@CHARACTER_SET_CLIENT */;
/*!40101 SET @OLD_CHARACTER_SET_RESULTS=@@CHARACTER_SET_RESULTS */;
/*!40101 SET @OLD_COLLATION_CONNECTION=@@COLLATION_CONNECTION */;
/*!40101 SET NAMES utf8mb4 */;

--
-- Database: `ecommerce`
--

-- --------------------------------------------------------

--
-- Table structure for table `blogs`
--

CREATE TABLE `blogs` (
  `id` int(10) UNSIGNED NOT NULL,
  `title` varchar(191) COLLATE utf8mb4_unicode_ci NOT NULL,
  `category` varchar(191) COLLATE utf8mb4_unicode_ci NOT NULL,
  `body` longtext COLLATE utf8mb4_unicode_ci NOT NULL,
  `date` varchar(191) COLLATE utf8mb4_unicode_ci NOT NULL,
  `image` varchar(191) COLLATE utf8mb4_unicode_ci NOT NULL,
  `postby` varchar(191) COLLATE utf8mb4_unicode_ci NOT NULL,
  `created_at` timestamp NULL DEFAULT current_timestamp(),
  `updated_at` timestamp NULL DEFAULT current_timestamp()
) ENGINE=InnoDB DEFAULT CHARSET=utf8mb4 COLLATE=utf8mb4_unicode_ci;

--
-- Dumping data for table `blogs`
--

INSERT INTO `blogs` (`id`, `title`, `category`, `body`, `date`, `image`, `postby`, `created_at`, `updated_at`) VALUES
(2, 'The Summer Hair 2019', 'Lifestyle', 'The Summer Hair 2019 lifestyle The Summer Hair 2019 lifestyle The Summer Hair 2019 lifestyle The Summer Hair 2019 lifestyle The Summer Hair 2019 lifestyle The Summer Hair 2019 lifestyle.<br>The Summer Hair 2019 lifestyleThe Summer Hair 2019 lifestyleThe Summer Hair 2019 lifestyleThe Summer Hair 2019 lifestyleThe Summer Hair 2019 lifestyleThe Summer Hair 2019 lifestyle.<br>', '2019-11-01', '1573832157.jpg', 'Admin', '2019-11-15 13:40:09', '2019-11-15 14:35:57'),
(3, 'Fashion', 'Fashion', 'The Summer Hair 2019 lifestyle The Summer Hair 2019 lifestyle The Summer Hair 2019 lifestyle The Summer Hair 2019 lifestyle The Summer Hair 2019 lifestyle The Summer Hair 2019 ', '2019-11-13', '1573879958.jpg', 'Admin', '2019-11-15 15:44:02', '2019-11-16 03:52:38'),
(4, 'Celebrity outfits', 'Celebrities', 'The Summer Hair 2019 lifestyle The Summer Hair 2019 lifestyle The Summer Hair 2019 lifestyle The Summer Hair 2019 lifestyle The Summer Hair 2019 lifestyle The Summer Hair 2019 lifestyle.&lt;br&gt;The Summer Hair 2019 lifestyleThe Summer Hair 2019 lifestyleThe Summer Hair 2019 lifestyleThe Summer Hair 2019 lifestyleThe Summer Hair 2019 lifestyleThe Summer Hair 2019 lifestyle', '2019-11-14', '1573880167.jpg', 'Olex', '2019-11-15 15:45:12', '2019-11-16 03:56:07');

-- --------------------------------------------------------

--
-- Table structure for table `carousels`
--

CREATE TABLE `carousels` (
  `id` bigint(20) UNSIGNED NOT NULL,
  `image` varchar(191) COLLATE utf8mb4_unicode_ci NOT NULL DEFAULT '',
  `title` varchar(191) COLLATE utf8mb4_unicode_ci DEFAULT '',
  `title2` varchar(191) COLLATE utf8mb4_unicode_ci DEFAULT '',
  `subtitle` varchar(191) COLLATE utf8mb4_unicode_ci DEFAULT '',
  `created_at` timestamp NULL DEFAULT NULL,
  `updated_at` timestamp NULL DEFAULT NULL
) ENGINE=InnoDB DEFAULT CHARSET=utf8mb4 COLLATE=utf8mb4_unicode_ci;

--
-- Dumping data for table `carousels`
--

INSERT INTO `carousels` (`id`, `image`, `title`, `title2`, `subtitle`, `created_at`, `updated_at`) VALUES
(1, '1573831901.jpg', NULL, NULL, NULL, '2019-11-15 14:20:35', '2019-11-15 14:31:41'),
(2, '1573831292.jpg', NULL, NULL, NULL, '2019-11-15 14:21:32', '2019-11-15 14:21:32'),
(3, '1573831326.jpg', NULL, NULL, NULL, '2019-11-15 14:22:06', '2019-11-15 14:22:06'),
(4, '1573831358.jpg', NULL, NULL, NULL, '2019-11-15 14:22:38', '2019-11-15 14:22:38');

-- --------------------------------------------------------

--
-- Table structure for table `cart`
--

CREATE TABLE `cart` (
  `id` int(10) UNSIGNED NOT NULL,
  `products_id` int(11) NOT NULL,
  `product_name` varchar(191) COLLATE utf8mb4_unicode_ci NOT NULL,
  `product_code` varchar(191) COLLATE utf8mb4_unicode_ci NOT NULL,
  `product_color` varchar(191) COLLATE utf8mb4_unicode_ci NOT NULL,
  `size` varchar(191) COLLATE utf8mb4_unicode_ci NOT NULL,
  `price` double(8,2) NOT NULL,
  `quantity` int(11) NOT NULL,
  `user_email` varchar(191) COLLATE utf8mb4_unicode_ci NOT NULL,
  `session_id` varchar(191) COLLATE utf8mb4_unicode_ci NOT NULL,
  `created_at` timestamp NULL DEFAULT NULL,
  `updated_at` timestamp NULL DEFAULT NULL
) ENGINE=MyISAM DEFAULT CHARSET=utf8mb4 COLLATE=utf8mb4_unicode_ci;

--
-- Dumping data for table `cart`
--

INSERT INTO `cart` (`id`, `products_id`, `product_name`, `product_code`, `product_color`, `size`, `price`, `quantity`, `user_email`, `session_id`, `created_at`, `updated_at`) VALUES
(41, 31, 'House', 'SKU-House2', 'White and Brown', '10*10', 20.00, 2, 'weshare@gmail.com', 'bKnMoW6lH0eA6ciYTU47tgeayw5CFUzBkjkBb3F5', '2018-12-06 18:17:37', '2018-12-06 18:17:37'),
(42, 34, 'Lenovo ThinkPad', 'SKU-Lenovo X1', 'Black', '15 inch', 10.00, 2, 'weshare@gmail.com', 'bKnMoW6lH0eA6ciYTU47tgeayw5CFUzBkjkBb3F5', '2018-12-06 18:18:26', '2018-12-06 18:18:26'),
(40, 30, 'Link House New LC2', 'SKU-Link House1', 'Gray', 'Small', 10.00, 5, 'weshare@gmail.com', 'SFoV6rkDUv7y5F81nKOo5H3u0ERK3EYkcBQhUrcm', '2018-12-06 17:50:30', '2018-12-06 17:50:30'),
(39, 31, 'House', 'SKU-House1', 'White and Brown', '5*20', 25.00, 4, 'weshare@gmail.com', 'SFoV6rkDUv7y5F81nKOo5H3u0ERK3EYkcBQhUrcm', '2018-12-06 17:49:50', '2018-12-06 17:49:50'),
(36, 33, 'Cole Haan', 'SKU-Haan1', 'Brown', '25', 12.00, 1, 'weshare@gmail.com', 'OrHCEFHcACdGNXet3m2jVbzlJS0VybkkeknXXilx', '2018-12-06 02:18:10', '2018-12-06 02:18:10'),
(37, 32, 'Vionic Shoes Brand', 'SKU-Vionic3', 'All Colors', '30', 20.00, 1, 'weshare@gmail.com', 'OrHCEFHcACdGNXet3m2jVbzlJS0VybkkeknXXilx', '2018-12-06 02:30:33', '2018-12-06 02:30:33'),
(43, 35, 'Cloths', 'SKU-Red', 'Black', 'S', 2.00, 5, 'weshare@gmail.com', 'bKnMoW6lH0eA6ciYTU47tgeayw5CFUzBkjkBb3F5', '2018-12-06 18:18:31', '2018-12-06 18:18:31'),
(45, 27, '2019 New Toyota Highlander XLE V6', 'SKU-Hilander1', 'White', 'Size White', 20.00, 2, 'weshare@gmail.com', '4IWz1wPHQpk8IfArLriX9TusxO8acvRXg8qiKgiF', '2019-10-23 03:52:28', '2019-10-23 03:52:28'),
(46, 37, 'Jordan', 'ms-italy', 'red', '45,48', 50.00, 1, 'weshare@gmail.com', 'AzZAxyOmn4yrW4sIrvy5lnT8AgATMLZyVRzEnBjo', '2019-10-23 04:45:04', '2019-10-23 04:45:04'),
(47, 28, 'Lexus Rx 330', 'SKU-Lexus2', 'White', 'Size Black', 11.00, 2, 'weshare@gmail.com', 'bjqIKqCaUvCM4xBgrDweyAPL9Uth5clbjWoQaGpf', '2019-11-06 10:57:13', '2019-11-06 10:57:13'),
(48, 38, 'Adios Fashion Girl', 'ms-italy', 'Gray', 'Large', 25.00, 3, 'weshare@gmail.com', '4CBJQVTse07DJC8isdTxO1xcQuUawHlXqoiku29b', '2019-11-12 05:44:12', '2019-11-12 05:44:12'),
(49, 35, 'Cloths', 'SKU-Red', 'Black', 'L', 2.00, 1, 'weshare@gmail.com', '4CBJQVTse07DJC8isdTxO1xcQuUawHlXqoiku29b', '2019-11-12 07:18:42', '2019-11-12 07:18:42'),
(53, 30, 'Link House New LC2', 'SKU-Link House1', 'Gray', 'size Small pink', 10.00, 2, 'weshare@gmail.com', '6LxpqAXxWeKtZbeK1jbRd2Ad1cG295FKlAUlhx2W', '2019-11-17 04:44:50', '2019-11-17 04:44:50'),
(51, 39, 'Kids Fashion Wallcom', 'ms-italy', 'pink', '45,48', 25.00, 2, 'weshare@gmail.com', '4CBJQVTse07DJC8isdTxO1xcQuUawHlXqoiku29b', '2019-11-12 12:20:10', '2019-11-12 12:20:10'),
(52, 39, 'Kids Fashion Wallcom', 'ms-italy', 'pink', 'S M X XL', 80.00, 2, 'weshare@gmail.com', '4CBJQVTse07DJC8isdTxO1xcQuUawHlXqoiku29b', '2019-11-12 13:00:11', '2019-11-12 13:00:11');

-- --------------------------------------------------------

--
-- Table structure for table `categories`
--

CREATE TABLE `categories` (
  `id` int(10) UNSIGNED NOT NULL,
  `parent_id` int(11) DEFAULT NULL,
  `name` varchar(191) COLLATE utf8mb4_unicode_ci NOT NULL,
  `description` text COLLATE utf8mb4_unicode_ci DEFAULT NULL,
  `url` varchar(191) COLLATE utf8mb4_unicode_ci NOT NULL,
  `status` tinyint(4) NOT NULL DEFAULT 0,
  `remember_token` varchar(100) COLLATE utf8mb4_unicode_ci DEFAULT NULL,
  `created_at` timestamp NULL DEFAULT NULL,
  `updated_at` timestamp NULL DEFAULT NULL
) ENGINE=MyISAM DEFAULT CHARSET=utf8mb4 COLLATE=utf8mb4_unicode_ci;

--
-- Dumping data for table `categories`
--

INSERT INTO `categories` (`id`, `parent_id`, `name`, `description`, `url`, `status`, `remember_token`, `created_at`, `updated_at`) VALUES
(12, 0, 'Women Store', 'Car Category', 'http://wornnarith.cambosoft.com', 1, NULL, '2018-10-22 21:32:33', '2018-11-16 02:00:00'),
(10, 0, 'Men Store', 'House Category', 'http://wornnarith.cambosoft.com', 1, NULL, '2018-10-22 21:31:29', '2018-11-16 02:05:53'),
(11, 0, 'Kids Store', 'Shoes Category', 'http://wornnarith.cambosoft.com', 1, NULL, '2018-10-22 21:32:14', '2018-11-16 02:07:15'),
(13, 0, 'Accessories', 'Computer Category', 'http://wornnarith.cambosoft.com', 1, NULL, '2018-10-22 21:33:26', '2018-11-16 02:05:43'),
(14, 0, 'Cloths', 'Cloths Category', 'http://wornnarith.cambosoft.com', 1, NULL, '2018-10-22 21:34:31', '2018-11-16 02:05:18'),
(15, 11, 'Toyota', 'Toyota Sub Category of Car', 'http://wornnarith.cambosoft.com', 1, NULL, '2018-10-22 21:35:08', '2018-11-16 01:54:49'),
(16, 11, 'Link House', 'Link House Sub Category', 'http://wornnarith.cambosoft.com', 1, NULL, '2018-10-22 21:56:56', '2018-11-16 02:07:05'),
(17, 10, 'Man Shoes', 'Man Shoes Sub Category of Shoes', 'http://wornnarith.cambosoft.com', 1, NULL, '2018-10-22 21:58:13', '2018-11-16 01:53:44'),
(25, 10, 'Men T-Shirt', 'T-shirt subcategory of men t-shirt', 'https://olexstores.com/mentshirt', 1, NULL, '2019-10-23 04:25:47', '2019-10-23 04:25:47'),
(26, 0, 'Women Clothing', 'Women clothing category', 'https://olexstores.com/womenclothing', 1, NULL, '2019-10-24 05:11:26', '2019-10-24 05:11:26'),
(27, 12, 'Under-wears', 'subcategory of women clothing', 'https://olexstores.com/womenclothing/underwears', 1, NULL, '2019-10-24 05:14:05', '2019-10-24 05:14:05'),
(28, 12, 'Test', 'hhhh', 'http://test.com', 1, NULL, '2019-11-01 16:43:53', '2019-11-01 16:43:53'),
(29, 0, 'Best Seller', NULL, 'https://olexstores.com/bestseller', 1, NULL, '2019-11-07 12:29:59', '2019-11-07 12:29:59'),
(30, 0, 'Top Rated', NULL, 'http://olexstores.com/toprated', 1, NULL, '2019-11-07 12:31:39', '2019-11-07 12:31:39');

-- --------------------------------------------------------

--
-- Table structure for table `countries`
--

CREATE TABLE `countries` (
  `id` int(10) UNSIGNED NOT NULL,
  `country_code` varchar(2) COLLATE utf8mb4_unicode_ci NOT NULL,
  `country_name` varchar(100) COLLATE utf8mb4_unicode_ci NOT NULL,
  `created_at` timestamp NULL DEFAULT NULL,
  `updated_at` timestamp NULL DEFAULT NULL
) ENGINE=MyISAM DEFAULT CHARSET=utf8mb4 COLLATE=utf8mb4_unicode_ci;

--
-- Dumping data for table `countries`
--

INSERT INTO `countries` (`id`, `country_code`, `country_name`, `created_at`, `updated_at`) VALUES
(2, 'AL', 'Albania', NULL, NULL),
(3, 'DZ', 'Algeria', NULL, NULL),
(4, 'DS', 'American Samoa', NULL, NULL),
(5, 'AD', 'Andorra', NULL, NULL),
(6, 'AO', 'Angola', NULL, NULL),
(7, 'AI', 'Anguilla', NULL, NULL),
(8, 'AQ', 'Antarctica', NULL, NULL),
(9, 'AG', 'Antigua and Barbuda', NULL, NULL),
(10, 'AR', 'Argentina', NULL, NULL),
(11, 'AM', 'Armenia', NULL, NULL),
(12, 'AW', 'Aruba', NULL, NULL),
(13, 'AU', 'Australia', NULL, NULL),
(14, 'AT', 'Austria', NULL, NULL),
(15, 'AZ', 'Azerbaijan', NULL, NULL),
(16, 'BS', 'Bahamas', NULL, NULL),
(17, 'BH', 'Bahrain', NULL, NULL),
(18, 'BD', 'Bangladesh', NULL, NULL),
(19, 'BB', 'Barbados', NULL, NULL),
(20, 'BY', 'Belarus', NULL, NULL),
(21, 'BE', 'Belgium', NULL, NULL),
(22, 'BZ', 'Belize', NULL, NULL),
(23, 'BJ', 'Benin', NULL, NULL),
(24, 'BM', 'Bermuda', NULL, NULL),
(25, 'BT', 'Bhutan', NULL, NULL),
(26, 'BO', 'Bolivia', NULL, NULL),
(27, 'BA', 'Bosnia and Herzegovina', NULL, NULL),
(28, 'BW', 'Botswana', NULL, NULL),
(29, 'BV', 'Bouvet Island', NULL, NULL),
(30, 'BR', 'Brazil', NULL, NULL),
(31, 'IO', 'British Indian Ocean Territory', NULL, NULL),
(32, 'BN', 'Brunei Darussalam', NULL, NULL),
(33, 'BG', 'Bulgaria', NULL, NULL),
(34, 'BF', 'Burkina Faso', NULL, NULL),
(35, 'BI', 'Burundi', NULL, NULL),
(36, 'KH', 'Cambodia', NULL, NULL),
(37, 'CM', 'Cameroon', NULL, NULL),
(38, 'CA', 'Canada', NULL, NULL),
(39, 'CV', 'Cape Verde', NULL, NULL),
(40, 'KY', 'Cayman Islands', NULL, NULL),
(41, 'CF', 'Central African Republic', NULL, NULL),
(42, 'TD', 'Chad', NULL, NULL),
(43, 'CL', 'Chile', NULL, NULL),
(44, 'CN', 'China', NULL, NULL),
(45, 'CX', 'Christmas Island', NULL, NULL),
(46, 'CC', 'Cocos (Keeling) Islands', NULL, NULL),
(47, 'CO', 'Colombia', NULL, NULL),
(48, 'KM', 'Comoros', NULL, NULL),
(49, 'CG', 'Congo', NULL, NULL),
(50, 'CK', 'Cook Islands', NULL, NULL),
(51, 'CR', 'Costa Rica', NULL, NULL),
(52, 'AF', 'Afghanistan', NULL, NULL),
(53, 'AL', 'Albania', NULL, NULL),
(54, 'DZ', 'Algeria', NULL, NULL),
(55, 'DS', 'American Samoa', NULL, NULL),
(56, 'AD', 'Andorra', NULL, NULL),
(57, 'AO', 'Angola', NULL, NULL),
(58, 'AI', 'Anguilla', NULL, NULL),
(59, 'AQ', 'Antarctica', NULL, NULL),
(60, 'AG', 'Antigua and Barbuda', NULL, NULL),
(61, 'AR', 'Argentina', NULL, NULL),
(62, 'AM', 'Armenia', NULL, NULL),
(63, 'AW', 'Aruba', NULL, NULL),
(64, 'AU', 'Australia', NULL, NULL),
(65, 'AT', 'Austria', NULL, NULL),
(66, 'AZ', 'Azerbaijan', NULL, NULL),
(67, 'BS', 'Bahamas', NULL, NULL),
(68, 'BH', 'Bahrain', NULL, NULL),
(69, 'BD', 'Bangladesh', NULL, NULL),
(70, 'BB', 'Barbados', NULL, NULL),
(71, 'BY', 'Belarus', NULL, NULL),
(72, 'BE', 'Belgium', NULL, NULL),
(73, 'BZ', 'Belize', NULL, NULL),
(74, 'BJ', 'Benin', NULL, NULL),
(75, 'BM', 'Bermuda', NULL, NULL),
(76, 'BT', 'Bhutan', NULL, NULL),
(77, 'BO', 'Bolivia', NULL, NULL),
(78, 'BA', 'Bosnia and Herzegovina', NULL, NULL),
(79, 'BW', 'Botswana', NULL, NULL),
(80, 'BV', 'Bouvet Island', NULL, NULL),
(81, 'BR', 'Brazil', NULL, NULL),
(82, 'IO', 'British Indian Ocean Territory', NULL, NULL),
(83, 'BN', 'Brunei Darussalam', NULL, NULL),
(84, 'BG', 'Bulgaria', NULL, NULL),
(85, 'BF', 'Burkina Faso', NULL, NULL),
(86, 'BI', 'Burundi', NULL, NULL),
(87, 'KH', 'Cambodia', NULL, NULL),
(88, 'CM', 'Cameroon', NULL, NULL),
(89, 'CA', 'Canada', NULL, NULL),
(90, 'CV', 'Cape Verde', NULL, NULL),
(91, 'KY', 'Cayman Islands', NULL, NULL),
(92, 'CF', 'Central African Republic', NULL, NULL),
(93, 'TD', 'Chad', NULL, NULL),
(94, 'CL', 'Chile', NULL, NULL),
(95, 'CN', 'China', NULL, NULL),
(96, 'CX', 'Christmas Island', NULL, NULL),
(97, 'CC', 'Cocos (Keeling) Islands', NULL, NULL),
(98, 'CO', 'Colombia', NULL, NULL),
(99, 'KM', 'Comoros', NULL, NULL),
(100, 'CG', 'Congo', NULL, NULL),
(101, 'CK', 'Cook Islands', NULL, NULL),
(102, 'CR', 'Costa Rica', NULL, NULL),
(103, 'HR', 'Croatia (Hrvatska)', NULL, NULL),
(104, 'CU', 'Cuba', NULL, NULL),
(105, 'CY', 'Cyprus', NULL, NULL),
(106, 'CZ', 'Czech Republic', NULL, NULL),
(107, 'DK', 'Denmark', NULL, NULL),
(108, 'DJ', 'Djibouti', NULL, NULL),
(109, 'DM', 'Dominica', NULL, NULL),
(110, 'DO', 'Dominican Republic', NULL, NULL),
(111, 'TP', 'East Timor', NULL, NULL),
(112, 'EC', 'Ecuador', NULL, NULL),
(113, 'EG', 'Egypt', NULL, NULL),
(114, 'SV', 'El Salvador', NULL, NULL),
(115, 'GQ', 'Equatorial Guinea', NULL, NULL),
(116, 'ER', 'Eritrea', NULL, NULL),
(117, 'EE', 'Estonia', NULL, NULL),
(118, 'ET', 'Ethiopia', NULL, NULL),
(119, 'FK', 'Falkland Islands (Malvinas)', NULL, NULL),
(120, 'FO', 'Faroe Islands', NULL, NULL),
(121, 'FJ', 'Fiji', NULL, NULL),
(122, 'FI', 'Finland', NULL, NULL),
(123, 'FR', 'France', NULL, NULL),
(124, 'FX', 'France, Metropolitan', NULL, NULL),
(125, 'GF', 'French Guiana', NULL, NULL),
(126, 'PF', 'French Polynesia', NULL, NULL),
(127, 'TF', 'French Southern Territories', NULL, NULL),
(128, 'GA', 'Gabon', NULL, NULL),
(129, 'GM', 'Gambia', NULL, NULL),
(130, 'GE', 'Georgia', NULL, NULL),
(131, 'DE', 'Germany', NULL, NULL),
(132, 'GH', 'Ghana', NULL, NULL),
(133, 'GI', 'Gibraltar', NULL, NULL),
(134, 'GK', 'Guernsey', NULL, NULL),
(135, 'GR', 'Greece', NULL, NULL),
(136, 'GL', 'Greenland', NULL, NULL),
(137, 'GD', 'Grenada', NULL, NULL),
(138, 'GP', 'Guadeloupe', NULL, NULL),
(139, 'GU', 'Guam', NULL, NULL),
(140, 'GT', 'Guatemala', NULL, NULL),
(141, 'GN', 'Guinea', NULL, NULL),
(142, 'GW', 'Guinea-Bissau', NULL, NULL),
(143, 'GY', 'Guyana', NULL, NULL),
(144, 'HT', 'Haiti', NULL, NULL),
(145, 'HM', 'Heard and Mc Donald Islands', NULL, NULL),
(146, 'HN', 'Honduras', NULL, NULL),
(147, 'HK', 'Hong Kong', NULL, NULL),
(148, 'HU', 'Hungary', NULL, NULL),
(149, 'IS', 'Iceland', NULL, NULL),
(150, 'IN', 'India', NULL, NULL),
(151, 'IM', 'Isle of Man', NULL, NULL),
(152, 'ID', 'Indonesia', NULL, NULL),
(153, 'IR', 'Iran (Islamic Republic of)', NULL, NULL),
(154, 'IQ', 'Iraq', NULL, NULL),
(155, 'IE', 'Ireland', NULL, NULL),
(156, 'IL', 'Israel', NULL, NULL),
(157, 'IT', 'Italy', NULL, NULL),
(158, 'CI', 'Ivory Coast', NULL, NULL),
(159, 'JE', 'Jersey', NULL, NULL),
(160, 'JM', 'Jamaica', NULL, NULL),
(161, 'JP', 'Japan', NULL, NULL),
(162, 'JO', 'Jordan', NULL, NULL),
(163, 'KZ', 'Kazakhstan', NULL, NULL),
(164, 'KE', 'Kenya', NULL, NULL),
(165, 'KI', 'Kiribati', NULL, NULL),
(166, 'KP', 'Korea, Democratic People\'s Republic of', NULL, NULL),
(167, 'KR', 'Korea, Republic of', NULL, NULL),
(168, 'XK', 'Kosovo', NULL, NULL),
(169, 'KW', 'Kuwait', NULL, NULL),
(170, 'KG', 'Kyrgyzstan', NULL, NULL),
(171, 'LA', 'Lao People\'s Democratic Republic', NULL, NULL),
(172, 'LV', 'Latvia', NULL, NULL),
(173, 'LB', 'Lebanon', NULL, NULL),
(174, 'LS', 'Lesotho', NULL, NULL),
(175, 'LR', 'Liberia', NULL, NULL),
(176, 'LY', 'Libyan Arab Jamahiriya', NULL, NULL),
(177, 'LI', 'Liechtenstein', NULL, NULL),
(178, 'LT', 'Lithuania', NULL, NULL),
(179, 'LU', 'Luxembourg', NULL, NULL),
(180, 'MO', 'Macau', NULL, NULL),
(181, 'MK', 'Macedonia', NULL, NULL),
(182, 'MG', 'Madagascar', NULL, NULL),
(183, 'MW', 'Malawi', NULL, NULL),
(184, 'MY', 'Malaysia', NULL, NULL),
(185, 'MV', 'Maldives', NULL, NULL),
(186, 'ML', 'Mali', NULL, NULL),
(187, 'MT', 'Malta', NULL, NULL),
(188, 'MH', 'Marshall Islands', NULL, NULL),
(189, 'MQ', 'Martinique', NULL, NULL),
(190, 'MR', 'Mauritania', NULL, NULL),
(191, 'MU', 'Mauritius', NULL, NULL),
(192, 'TY', 'Mayotte', NULL, NULL),
(193, 'MX', 'Mexico', NULL, NULL),
(194, 'FM', 'Micronesia, Federated States of', NULL, NULL),
(195, 'MD', 'Moldova, Republic of', NULL, NULL),
(196, 'MC', 'Monaco', NULL, NULL),
(197, 'MN', 'Mongolia', NULL, NULL),
(198, 'ME', 'Montenegro', NULL, NULL),
(199, 'MS', 'Montserrat', NULL, NULL),
(200, 'MA', 'Morocco', NULL, NULL),
(201, 'MZ', 'Mozambique', NULL, NULL),
(202, 'MM', 'Myanmar', NULL, NULL),
(203, 'NA', 'Namibia', NULL, NULL),
(204, 'NR', 'Nauru', NULL, NULL),
(205, 'NP', 'Nepal', NULL, NULL),
(206, 'NL', 'Netherlands', NULL, NULL),
(207, 'AN', 'Netherlands Antilles', NULL, NULL),
(208, 'NC', 'New Caledonia', NULL, NULL),
(209, 'NZ', 'New Zealand', NULL, NULL),
(210, 'NI', 'Nicaragua', NULL, NULL),
(211, 'NE', 'Niger', NULL, NULL),
(212, 'NG', 'Nigeria', NULL, NULL),
(213, 'NU', 'Niue', NULL, NULL),
(214, 'NF', 'Norfolk Island', NULL, NULL),
(215, 'MP', 'Northern Mariana Islands', NULL, NULL),
(216, 'NO', 'Norway', NULL, NULL),
(217, 'OM', 'Oman', NULL, NULL),
(218, 'PK', 'Pakistan', NULL, NULL),
(219, 'PW', 'Palau', NULL, NULL),
(220, 'PS', 'Palestine', NULL, NULL),
(221, 'PA', 'Panama', NULL, NULL),
(222, 'PG', 'Papua New Guinea', NULL, NULL),
(223, 'PY', 'Paraguay', NULL, NULL),
(224, 'PE', 'Peru', NULL, NULL),
(225, 'PH', 'Philippines', NULL, NULL),
(226, 'PN', 'Pitcairn', NULL, NULL),
(227, 'PL', 'Poland', NULL, NULL),
(228, 'PT', 'Portugal', NULL, NULL),
(229, 'PR', 'Puerto Rico', NULL, NULL),
(230, 'QA', 'Qatar', NULL, NULL),
(231, 'RE', 'Reunion', NULL, NULL),
(232, 'RO', 'Romania', NULL, NULL),
(233, 'RU', 'Russian Federation', NULL, NULL),
(234, 'RW', 'Rwanda', NULL, NULL),
(235, 'KN', 'Saint Kitts and Nevis', NULL, NULL),
(236, 'LC', 'Saint Lucia', NULL, NULL),
(237, 'VC', 'Saint Vincent and the Grenadines', NULL, NULL),
(238, 'WS', 'Samoa', NULL, NULL),
(239, 'SM', 'San Marino', NULL, NULL),
(240, 'ST', 'Sao Tome and Principe', NULL, NULL),
(241, 'SA', 'Saudi Arabia', NULL, NULL),
(242, 'SN', 'Senegal', NULL, NULL),
(243, 'RS', 'Serbia', NULL, NULL),
(244, 'SC', 'Seychelles', NULL, NULL),
(245, 'SL', 'Sierra Leone', NULL, NULL),
(246, 'SG', 'Singapore', NULL, NULL),
(247, 'SK', 'Slovakia', NULL, NULL),
(248, 'SI', 'Slovenia', NULL, NULL),
(249, 'SB', 'Solomon Islands', NULL, NULL),
(250, 'SO', 'Somalia', NULL, NULL),
(251, 'ZA', 'South Africa', NULL, NULL),
(252, 'GS', 'South Georgia South Sandwich Islands', NULL, NULL),
(253, 'SS', 'South Sudan', NULL, NULL),
(254, 'ES', 'Spain', NULL, NULL),
(255, 'LK', 'Sri Lanka', NULL, NULL),
(256, 'SH', 'St. Helena', NULL, NULL),
(257, 'PM', 'St. Pierre and Miquelon', NULL, NULL),
(258, 'SD', 'Sudan', NULL, NULL),
(259, 'SR', 'Suriname', NULL, NULL),
(260, 'SJ', 'Svalbard and Jan Mayen Islands', NULL, NULL),
(261, 'SZ', 'Swaziland', NULL, NULL),
(262, 'SE', 'Sweden', NULL, NULL),
(263, 'CH', 'Switzerland', NULL, NULL),
(264, 'SY', 'Syrian Arab Republic', NULL, NULL),
(265, 'TW', 'Taiwan', NULL, NULL),
(266, 'TJ', 'Tajikistan', NULL, NULL),
(267, 'TZ', 'Tanzania, United Republic of', NULL, NULL),
(268, 'TH', 'Thailand', NULL, NULL),
(269, 'TG', 'Togo', NULL, NULL),
(270, 'TK', 'Tokelau', NULL, NULL),
(271, 'TO', 'Tonga', NULL, NULL),
(272, 'TT', 'Trinidad and Tobago', NULL, NULL),
(273, 'TN', 'Tunisia', NULL, NULL),
(274, 'TR', 'Turkey', NULL, NULL),
(275, 'TM', 'Turkmenistan', NULL, NULL),
(276, 'TC', 'Turks and Caicos Islands', NULL, NULL),
(277, 'TV', 'Tuvalu', NULL, NULL),
(278, 'UG', 'Uganda', NULL, NULL),
(279, 'UA', 'Ukraine', NULL, NULL),
(280, 'AE', 'United Arab Emirates', NULL, NULL),
(281, 'GB', 'United Kingdom', NULL, NULL),
(282, 'US', 'United States', NULL, NULL),
(283, 'UM', 'United States minor outlying islands', NULL, NULL),
(284, 'UY', 'Uruguay', NULL, NULL),
(285, 'UZ', 'Uzbekistan', NULL, NULL),
(286, 'VU', 'Vanuatu', NULL, NULL),
(287, 'VA', 'Vatican City State', NULL, NULL),
(288, 'VE', 'Venezuela', NULL, NULL),
(289, 'VN', 'Vietnam', NULL, NULL),
(290, 'VG', 'Virgin Islands (British)', NULL, NULL),
(291, 'VI', 'Virgin Islands (U.S.)', NULL, NULL),
(292, 'WF', 'Wallis and Futuna Islands', NULL, NULL),
(293, 'EH', 'Western Sahara', NULL, NULL),
(294, 'YE', 'Yemen', NULL, NULL),
(295, 'ZR', 'Zaire', NULL, NULL),
(296, 'ZM', 'Zambia', NULL, NULL),
(297, 'ZW', 'Zimbabwe', NULL, NULL);

-- --------------------------------------------------------

--
-- Table structure for table `coupons`
--

CREATE TABLE `coupons` (
  `id` int(10) UNSIGNED NOT NULL,
  `coupon_code` varchar(191) COLLATE utf8mb4_unicode_ci NOT NULL,
  `amount` int(11) NOT NULL,
  `amount_type` varchar(191) COLLATE utf8mb4_unicode_ci NOT NULL,
  `expiry_date` date NOT NULL,
  `status` tinyint(4) NOT NULL,
  `created_at` timestamp NULL DEFAULT NULL,
  `updated_at` timestamp NULL DEFAULT NULL
) ENGINE=MyISAM DEFAULT CHARSET=utf8mb4 COLLATE=utf8mb4_unicode_ci;

--
-- Dumping data for table `coupons`
--

INSERT INTO `coupons` (`id`, `coupon_code`, `amount`, `amount_type`, `expiry_date`, `status`, `created_at`, `updated_at`) VALUES
(6, 'Coupon001', 10, 'Percentage', '2019-12-06', 1, '2018-12-05 20:19:15', '2018-12-05 20:19:15'),
(7, '3456ms', 10, 'Percentage', '2019-11-01', 1, '2019-10-23 04:40:43', '2019-10-23 04:44:11'),
(8, '3457ms', 10, 'Percentage', '2019-10-31', 1, '2019-10-23 04:42:37', '2019-10-23 04:42:37'),
(9, 'xmasgiveaway', 70, 'Percentage', '2019-12-28', 1, '2019-11-19 14:43:05', '2019-11-19 14:43:05');

-- --------------------------------------------------------

--
-- Table structure for table `delivery_address`
--

CREATE TABLE `delivery_address` (
  `id` int(10) UNSIGNED NOT NULL,
  `users_id` int(11) NOT NULL,
  `users_email` varchar(191) COLLATE utf8mb4_unicode_ci NOT NULL,
  `name` varchar(191) COLLATE utf8mb4_unicode_ci NOT NULL,
  `address` varchar(191) COLLATE utf8mb4_unicode_ci NOT NULL,
  `city` varchar(191) COLLATE utf8mb4_unicode_ci NOT NULL,
  `state` varchar(191) COLLATE utf8mb4_unicode_ci NOT NULL,
  `country` varchar(191) COLLATE utf8mb4_unicode_ci NOT NULL,
  `pincode` varchar(191) COLLATE utf8mb4_unicode_ci NOT NULL,
  `mobile` varchar(191) COLLATE utf8mb4_unicode_ci NOT NULL,
  `created_at` timestamp NULL DEFAULT NULL,
  `updated_at` timestamp NULL DEFAULT NULL
) ENGINE=MyISAM DEFAULT CHARSET=utf8mb4 COLLATE=utf8mb4_unicode_ci;

--
-- Dumping data for table `delivery_address`
--

INSERT INTO `delivery_address` (`id`, `users_id`, `users_email`, `name`, `address`, `city`, `state`, `country`, `pincode`, `mobile`, `created_at`, `updated_at`) VALUES
(2, 4, 'weshare@gmail.com', 'weshare', 'address', 'city', 'state', 'Cambodia', 'pincode', 'mobile', NULL, NULL),
(3, 1, 'demo@gmail.com', 'WeShare', '123 Street', 'Phnom Penh', 'PP', 'Cambodia', '12252', '010313234', NULL, NULL),
(4, 5, 'test@gmail.com', 'Test', '22 off-bridge crescent', 'FCT', 'Abuja', 'Nigeria', '110100', '09023458765', NULL, NULL);

-- --------------------------------------------------------

--
-- Table structure for table `migrations`
--

CREATE TABLE `migrations` (
  `id` int(10) UNSIGNED NOT NULL,
  `migration` varchar(191) COLLATE utf8mb4_unicode_ci NOT NULL,
  `batch` int(11) NOT NULL
) ENGINE=MyISAM DEFAULT CHARSET=utf8mb4 COLLATE=utf8mb4_unicode_ci;

--
-- Dumping data for table `migrations`
--

INSERT INTO `migrations` (`id`, `migration`, `batch`) VALUES
(3, '2014_10_12_000000_create_users_table', 2),
(2, '2014_10_12_100000_create_password_resets_table', 1),
(8, '2018_10_20_040609_create_categories_table', 3),
(9, '2018_10_24_075802_create_products_table', 4),
(10, '2018_11_08_024109_create_product_att_table', 5),
(11, '2018_11_20_055123_create_tblgallery_table', 6),
(12, '2018_11_26_070031_create_cart_table', 7),
(13, '2018_11_28_072535_create_coupons_table', 8),
(15, '2018_12_01_042342_create_countries_table', 10),
(19, '2018_12_03_043804_add_more_fields_to_users_table', 14),
(17, '2018_12_03_093548_create_delivery_address_table', 12),
(18, '2018_12_05_024718_create_orders_table', 13),
(20, '2019_04_21_085923_create_testimonies_table', 15),
(21, '2019_05_10_083404_create_blogs_table', 15),
(22, '2019_06_14_035054_create_newsletters_table', 15),
(23, '2019_09_28_151728_create_carousels_table', 15);

-- --------------------------------------------------------

--
-- Table structure for table `newsletters`
--

CREATE TABLE `newsletters` (
  `id` int(10) UNSIGNED NOT NULL,
  `email` varchar(191) COLLATE utf8mb4_unicode_ci NOT NULL,
  `created_at` timestamp NULL DEFAULT NULL,
  `updated_at` timestamp NULL DEFAULT NULL
) ENGINE=InnoDB DEFAULT CHARSET=utf8mb4 COLLATE=utf8mb4_unicode_ci;

--
-- Dumping data for table `newsletters`
--

INSERT INTO `newsletters` (`id`, `email`, `created_at`, `updated_at`) VALUES
(1, 'test@gmail.com', '2019-11-15 11:17:21', '2019-11-15 11:17:21'),
(2, 'admin@gmail.com', '2019-11-15 15:51:31', '2019-11-15 15:51:31');

-- --------------------------------------------------------

--
-- Table structure for table `orders`
--

CREATE TABLE `orders` (
  `id` int(10) UNSIGNED NOT NULL,
  `users_id` int(11) NOT NULL,
  `users_email` varchar(100) COLLATE utf8mb4_unicode_ci NOT NULL,
  `name` varchar(100) COLLATE utf8mb4_unicode_ci NOT NULL,
  `address` varchar(191) COLLATE utf8mb4_unicode_ci NOT NULL,
  `city` varchar(100) COLLATE utf8mb4_unicode_ci NOT NULL,
  `state` varchar(100) COLLATE utf8mb4_unicode_ci NOT NULL,
  `pincode` varchar(100) COLLATE utf8mb4_unicode_ci NOT NULL,
  `country` varchar(100) COLLATE utf8mb4_unicode_ci NOT NULL,
  `mobile` varchar(100) COLLATE utf8mb4_unicode_ci NOT NULL,
  `shipping_charges` double(8,2) NOT NULL,
  `coupon_code` varchar(100) COLLATE utf8mb4_unicode_ci NOT NULL,
  `coupon_amount` varchar(100) COLLATE utf8mb4_unicode_ci NOT NULL,
  `order_status` varchar(100) COLLATE utf8mb4_unicode_ci NOT NULL,
  `product_id` varchar(255) COLLATE utf8mb4_unicode_ci DEFAULT NULL,
  `product_name` varchar(255) COLLATE utf8mb4_unicode_ci DEFAULT NULL,
  `product_code` varchar(255) COLLATE utf8mb4_unicode_ci DEFAULT NULL,
  `product_color` varchar(255) COLLATE utf8mb4_unicode_ci DEFAULT NULL,
  `size` varchar(255) COLLATE utf8mb4_unicode_ci DEFAULT NULL,
  `price` varchar(255) COLLATE utf8mb4_unicode_ci DEFAULT NULL,
  `quantity` varchar(255) COLLATE utf8mb4_unicode_ci DEFAULT NULL,
  `payment_method` varchar(100) COLLATE utf8mb4_unicode_ci NOT NULL,
  `grand_total` varchar(100) COLLATE utf8mb4_unicode_ci NOT NULL,
  `created_at` timestamp NULL DEFAULT NULL,
  `updated_at` timestamp NULL DEFAULT NULL
) ENGINE=MyISAM DEFAULT CHARSET=utf8mb4 COLLATE=utf8mb4_unicode_ci;

--
-- Dumping data for table `orders`
--

INSERT INTO `orders` (`id`, `users_id`, `users_email`, `name`, `address`, `city`, `state`, `pincode`, `country`, `mobile`, `shipping_charges`, `coupon_code`, `coupon_amount`, `order_status`, `product_id`, `product_name`, `product_code`, `product_color`, `size`, `price`, `quantity`, `payment_method`, `grand_total`, `created_at`, `updated_at`) VALUES
(7, 1, 'demo@gmail.com', 'WeShare', '123 Street', 'Phnom Penh', 'PP', '12252', 'Cambodia', '010313234', 0.00, 'NO Coupon', '0', 'success', NULL, NULL, NULL, NULL, NULL, NULL, NULL, 'Paypal', '70', '2018-12-06 18:20:18', '2018-12-06 18:20:18'),
(6, 4, 'weshare@gmail.com', 'weshare', 'address', 'city', 'state', 'pincode', 'Cambodia', 'mobile', 0.00, 'Coupon001', '2', 'success', NULL, NULL, NULL, NULL, NULL, NULL, NULL, 'Paypal', '18', '2018-12-06 01:45:09', '2018-12-06 01:45:09'),
(8, 5, 'test@gmail.com', 'Test', '22 off-bridge crescent', 'FCT', 'Abuja', '110100', 'Nigeria', '09023458765', 0.00, 'NO Coupon', '0', 'success', NULL, NULL, NULL, NULL, NULL, NULL, NULL, 'COD', '40', '2019-10-23 03:59:22', '2019-10-23 03:59:22'),
(9, 1, 'demo@gmail.com', 'WeShare', '123 Street', 'Phnom Penh', 'PP', '12252', 'Cambodia', '010313234', 0.00, 'NO Coupon', '0', 'success', NULL, NULL, NULL, NULL, NULL, NULL, NULL, 'Paypal', '50', '2019-10-23 04:47:33', '2019-10-23 04:47:33'),
(10, 1, 'demo@gmail.com', 'WeShare', '123 Street', 'Phnom Penh', 'PP', '12252', 'Cambodia', '010313234', 0.00, 'NO Coupon', '0', 'success', NULL, NULL, NULL, NULL, NULL, NULL, NULL, 'Paypal', '0', '2019-11-13 12:00:09', '2019-11-13 12:00:09'),
(11, 1, 'demo@gmail.com', 'WeShare', '123 Street', 'Phnom Penh', 'PP', '12252', 'Cambodia', '010313234', 0.00, 'NO Coupon', '0', 'success', NULL, NULL, NULL, NULL, NULL, NULL, NULL, 'COD', '0', '2019-11-13 13:02:10', '2019-11-13 13:02:10'),
(12, 1, 'demo@gmail.com', 'WeShare', '123 Street', 'Phnom Penh', 'PP', '12252', 'Cambodia', '010313234', 0.00, 'NO Coupon', '0', 'success', NULL, NULL, NULL, NULL, NULL, NULL, NULL, 'COD', '0', '2019-11-13 13:07:37', '2019-11-13 13:07:37'),
(13, 1, 'demo@gmail.com', 'WeShare', '123 Street', 'Phnom Penh', 'PP', '12252', 'Cambodia', '010313234', 0.00, 'Coupon001', '2', 'success', NULL, NULL, NULL, NULL, NULL, NULL, NULL, 'COD', '18', '2019-11-17 04:49:42', '2019-11-17 04:49:42'),
(14, 1, 'demo@gmail.com', 'WeShare', '123 Street', 'Phnom Penh', 'PP', '12252', 'Cambodia', '010313234', 0.00, 'NO Coupon', '0', 'success', NULL, NULL, NULL, NULL, NULL, NULL, NULL, 'COD', '200', '2019-11-19 13:37:01', '2019-11-19 13:37:01'),
(15, 1, 'demo@gmail.com', 'WeShare', '123 Street', 'Phnom Penh', 'PP', '12252', 'Cambodia', '010313234', 0.00, 'NO Coupon', '0', 'success', NULL, NULL, NULL, NULL, NULL, NULL, NULL, 'COD', '200', '2019-11-19 13:58:06', '2019-11-19 13:58:06'),
(16, 1, 'demo@gmail.com', 'WeShare', '123 Street', 'Phnom Penh', 'PP', '12252', 'Cambodia', '010313234', 0.00, 'NO Coupon', '0', 'success', NULL, NULL, NULL, NULL, NULL, NULL, NULL, 'COD', '200', '2019-11-19 13:59:28', '2019-11-19 13:59:28'),
(17, 1, 'demo@gmail.com', 'WeShare', '123 Street', 'Phnom Penh', 'PP', '12252', 'Cambodia', '010313234', 0.00, 'NO Coupon', '0', 'success', NULL, NULL, NULL, NULL, NULL, NULL, NULL, 'COD', '200', '2019-11-19 14:00:26', '2019-11-19 14:00:26'),
(18, 1, 'demo@gmail.com', 'WeShare', '123 Street', 'Phnom Penh', 'PP', '12252', 'Cambodia', '010313234', 0.00, 'NO Coupon', '0', 'success', NULL, NULL, NULL, NULL, NULL, NULL, NULL, 'COD', '200', '2019-11-19 14:01:49', '2019-11-19 14:01:49'),
(19, 1, 'demo@gmail.com', 'WeShare', '123 Street', 'Phnom Penh', 'PP', '12252', 'Cambodia', '010313234', 0.00, 'NO Coupon', '0', 'success', NULL, NULL, NULL, NULL, NULL, NULL, NULL, 'COD', '200', '2019-11-19 14:03:38', '2019-11-19 14:03:38'),
(20, 1, 'demo@gmail.com', 'WeShare', '123 Street', 'Phnom Penh', 'PP', '12252', 'Cambodia', '010313234', 0.00, 'NO Coupon', '0', 'success', NULL, NULL, NULL, NULL, NULL, NULL, NULL, 'COD', '200', '2019-11-19 14:06:44', '2019-11-19 14:06:44'),
(21, 1, 'demo@gmail.com', 'WeShare', '123 Street', 'Phnom Penh', 'PP', '12252', 'Cambodia', '010313234', 0.00, 'NO Coupon', '0', 'success', NULL, NULL, NULL, NULL, NULL, NULL, NULL, 'COD', '200', '2019-11-19 14:09:18', '2019-11-19 14:09:18'),
(22, 1, 'demo@gmail.com', 'WeShare', '123 Street', 'Phnom Penh', 'PP', '12252', 'Cambodia', '010313234', 0.00, 'NO Coupon', '0', 'success', NULL, NULL, NULL, NULL, NULL, NULL, NULL, 'COD', '200', '2019-11-19 14:09:30', '2019-11-19 14:09:30'),
(23, 1, 'demo@gmail.com', 'WeShare', '123 Street', 'Phnom Penh', 'PP', '12252', 'Cambodia', '010313234', 0.00, 'NO Coupon', '0', 'success', NULL, NULL, NULL, NULL, NULL, NULL, NULL, 'COD', '200', '2019-11-19 14:10:31', '2019-11-19 14:10:31'),
(24, 1, 'demo@gmail.com', 'WeShare', '123 Street', 'Phnom Penh', 'PP', '12252', 'Cambodia', '010313234', 0.00, 'NO Coupon', '0', 'success', NULL, NULL, NULL, NULL, NULL, NULL, NULL, 'COD', '200', '2019-11-19 14:11:24', '2019-11-19 14:11:24'),
(25, 1, 'demo@gmail.com', 'WeShare', '123 Street', 'Phnom Penh', 'PP', '12252', 'Cambodia', '010313234', 0.00, 'NO Coupon', '0', 'success', NULL, NULL, NULL, NULL, NULL, NULL, NULL, 'COD', '200', '2019-11-19 14:12:26', '2019-11-19 14:12:26'),
(26, 1, 'demo@gmail.com', 'WeShare', '123 Street', 'Phnom Penh', 'PP', '12252', 'Cambodia', '010313234', 0.00, 'NO Coupon', '0', 'success', NULL, NULL, NULL, NULL, NULL, NULL, NULL, 'COD', '200', '2019-11-19 14:12:51', '2019-11-19 14:12:51'),
(27, 1, 'demo@gmail.com', 'WeShare', '123 Street', 'Phnom Penh', 'PP', '12252', 'Cambodia', '010313234', 0.00, 'NO Coupon', '0', 'success', NULL, NULL, NULL, NULL, NULL, NULL, NULL, 'COD', '200', '2019-11-19 15:18:04', '2019-11-19 15:18:04');

-- --------------------------------------------------------

--
-- Table structure for table `password_resets`
--

CREATE TABLE `password_resets` (
  `email` varchar(191) COLLATE utf8mb4_unicode_ci NOT NULL,
  `token` varchar(191) COLLATE utf8mb4_unicode_ci NOT NULL,
  `created_at` timestamp NULL DEFAULT NULL
) ENGINE=MyISAM DEFAULT CHARSET=utf8mb4 COLLATE=utf8mb4_unicode_ci;

-- --------------------------------------------------------

--
-- Table structure for table `products`
--

CREATE TABLE `products` (
  `id` int(10) UNSIGNED NOT NULL,
  `categories_id` int(11) NOT NULL,
  `p_name` varchar(191) COLLATE utf8mb4_unicode_ci NOT NULL,
  `brand` text COLLATE utf8mb4_unicode_ci DEFAULT NULL,
  `p_code` varchar(191) COLLATE utf8mb4_unicode_ci NOT NULL,
  `p_color` varchar(191) COLLATE utf8mb4_unicode_ci NOT NULL,
  `description` text COLLATE utf8mb4_unicode_ci NOT NULL,
  `price` double(8,2) NOT NULL,
  `image` varchar(191) COLLATE utf8mb4_unicode_ci NOT NULL,
  `created_at` timestamp NULL DEFAULT NULL,
  `updated_at` timestamp NULL DEFAULT NULL
) ENGINE=MyISAM DEFAULT CHARSET=utf8mb4 COLLATE=utf8mb4_unicode_ci;

--
-- Dumping data for table `products`
--

INSERT INTO `products` (`id`, `categories_id`, `p_name`, `brand`, `p_code`, `p_color`, `description`, `price`, `image`, `created_at`, `updated_at`) VALUES
(28, 15, 'Lexus Rx 330', NULL, '12152', 'White', 'EXCELLENT SAFETY FOR YOUR FAMILY<br>Child Safety Locks, Electronic Stability Control, Brake Assist, 4-Wheel ABS, Tire Pressure Monitoring System, 4-Wheel Disc Brakes Safety equipment includes Child Safety Locks', 15.00, '1544063712-lexus-rx-330.jpg', '2018-12-05 19:35:12', '2018-12-05 19:43:48'),
(27, 15, '2019 New Toyota Highlander XLE V6', NULL, 'XLE V6 FWD', 'White', 'Sunroof, Heated Leather Seats, NAV, 3rd Row Seat, Alloy Wheels, Quad Seats, Rear Air, Power Liftgate. XLE trim. Warranty 5 yrs/60k Miles - Drivetrain Warranty; AND MORE!', 20.00, '1544063425-2019-new-toyota-highlander-xle-v6.jpg', '2018-12-05 19:30:25', '2018-12-05 19:43:57'),
(29, 12, '2018 Toyota Prius', NULL, '1252', 'Red', 'VEHICLE FEATURES<br>Rear Spoiler, MP3 Player, Remote Trunk Release, Keyless Entry, Privacy Glass.&nbsp;', 5.00, '1544063924-2018-toyota-prius.jpg', '2018-12-05 19:38:44', '2018-12-05 19:43:38'),
(30, 16, 'Link House New LC2', NULL, 'L_1252', 'Gray', 'Borey Peng Huoth Cambodia', 10.00, '1544064142-link-house-new-lc2.jpg', '2018-12-05 19:42:22', '2018-12-05 19:42:22'),
(31, 10, 'House', NULL, '5214', 'White and Brown', 'House For Sale', 10.00, '1544064430-house.jpg', '2018-12-05 19:47:10', '2018-12-05 19:47:10'),
(32, 11, 'Vionic Shoes Brand', NULL, '5265', 'All Colors', 'Women Shoes', 12.00, '1544064607-vionic-shoes-brand.jpg', '2018-12-05 19:50:07', '2018-12-05 19:50:07'),
(33, 17, 'Cole Haan', NULL, 'KHR 775659.29', 'Brown', 'Men\'s Original Grand Wingtip Oxfords', 5.00, '1544064903-cole-haan.jpg', '2018-12-05 19:55:03', '2018-12-05 19:55:03'),
(34, 13, 'Lenovo ThinkPad', NULL, '1252', 'Black', 'Lenovo Thinkpad From China', 2.00, '1544065331-lenovo-thinkpad.jpg', '2018-12-05 20:02:12', '2018-12-05 20:02:12'),
(35, 14, 'Cloths', NULL, 'The Man', 'Black', 'Cloths Description here', 2.00, '1544065493-cloths.png', '2018-12-05 20:04:54', '2018-12-05 20:04:54'),
(38, 29, 'Adios Fashion Girl', 'Armani', 'olexfw', 'Gray', '<div>Adios Fashion Girl Adios Fashion Girl Adios Fashion Girl Adios Fashion Girl Adios Fashion Girl</div>', 200.00, '1573133698-adios-fashion-girl.jpg', '2019-11-07 12:34:59', '2019-11-12 03:27:03'),
(39, 30, 'Kids Fashion Wallcom', 'Louis Vuitton', 'olexkw', 'pink', 'Kids Fashion Wallcom&nbsp;Kids Fashion Wallcom&nbsp;Kids Fashion Wallcom', 100.00, '1573133794-kids-fashion-wallcom.jpg', '2019-11-07 12:36:34', '2019-11-12 03:56:23');

-- --------------------------------------------------------

--
-- Table structure for table `product_att`
--

CREATE TABLE `product_att` (
  `id` int(10) UNSIGNED NOT NULL,
  `products_id` int(11) NOT NULL,
  `sku` varchar(191) COLLATE utf8mb4_unicode_ci NOT NULL,
  `size` varchar(191) COLLATE utf8mb4_unicode_ci DEFAULT NULL,
  `price` double(8,2) NOT NULL,
  `stock` int(11) NOT NULL,
  `created_at` timestamp NULL DEFAULT NULL,
  `updated_at` timestamp NULL DEFAULT NULL
) ENGINE=MyISAM DEFAULT CHARSET=utf8mb4 COLLATE=utf8mb4_unicode_ci;

--
-- Dumping data for table `product_att`
--

INSERT INTO `product_att` (`id`, `products_id`, `sku`, `size`, `price`, `stock`, `created_at`, `updated_at`) VALUES
(14, 34, 'SKU-Lenovo X1', '15 inch', 10.00, 2, '2018-12-05 20:08:43', '2018-12-05 20:08:43'),
(13, 35, 'SKU-Red', 'S', 2.00, 5, '2018-12-05 20:08:08', '2018-12-05 20:08:08'),
(12, 35, 'SKU-White', 'L', 6.00, 2, '2018-12-05 20:07:42', '2018-12-05 20:07:42'),
(11, 35, 'SKU-Black', 'M', 5.00, 10, '2018-12-05 20:07:11', '2018-12-05 20:07:11'),
(15, 34, 'SKU-Carbon', '14 inch', 4.00, 5, '2018-12-05 20:09:05', '2018-12-05 20:09:05'),
(16, 33, 'SKU-Haan1', '25', 12.00, 3, '2018-12-05 20:09:45', '2018-12-05 20:09:45'),
(17, 33, 'SKU-Haan2', '22', 10.00, 1, '2018-12-05 20:09:58', '2018-12-05 20:09:58'),
(18, 33, 'SKU-Haan3', '19', 2.00, 3, '2018-12-05 20:10:16', '2018-12-05 20:10:16'),
(19, 32, 'SKU-Vionic1', '20', 10.00, 5, '2018-12-05 20:11:02', '2018-12-05 20:11:02'),
(20, 32, 'SKU-Vionic2', '20', 15.00, 4, '2018-12-05 20:11:24', '2018-12-05 20:11:24'),
(21, 32, 'SKU-Vionic3', '30', 20.00, 1, '2018-12-05 20:11:38', '2018-12-05 20:11:38'),
(22, 31, 'SKU-House1', '5*20', 25.00, 4, '2018-12-05 20:12:13', '2018-12-05 20:12:13'),
(23, 31, 'SKU-House2', '10*10', 20.00, 2, '2018-12-05 20:12:30', '2018-12-05 20:12:30'),
(24, 31, 'SKU-House3', '20*20', 20.00, 5, '2018-12-05 20:12:46', '2018-12-05 20:12:46'),
(25, 30, 'SKU-Link House1', 'size Small pink', 10.00, 5, '2018-12-05 20:13:06', '2018-12-05 20:13:06'),
(26, 30, 'SKU-House2', 'size Medium blue', 15.00, 23, '2018-12-05 20:13:23', '2018-12-05 20:13:23'),
(27, 30, 'SKU-House3', 'size Large red', 5.00, 2, '2018-12-05 20:14:55', '2018-12-05 20:14:55'),
(28, 29, 'SKU-Prius1', 'One Size', 12.00, 2, '2018-12-05 20:15:43', '2018-12-05 20:15:43'),
(29, 28, 'SKU-Lexus Red', 'Size Red', 12.00, 12, '2018-12-05 20:16:28', '2018-12-05 20:16:28'),
(30, 28, 'SKU-Lexus2', 'Size Black', 11.00, 22, '2018-12-05 20:16:48', '2018-12-05 20:16:48'),
(31, 28, 'SKU-Lexus3', 'Size White', 12.00, 2, '2018-12-05 20:17:02', '2018-12-05 20:17:02'),
(32, 27, 'SKU-Hilander', 'Size Black', 50.00, 10, '2018-12-05 20:17:35', '2018-12-05 20:17:35'),
(33, 27, 'SKU-Hilander1', 'Size White', 20.00, 10, '2018-12-05 20:17:46', '2018-12-05 20:17:46'),
(34, 27, 'SKU-Hilande3', 'Size Red', 20.00, 10, '2018-12-05 20:18:01', '2018-12-05 20:18:01'),
(35, 37, 'ms-italy', '45,48', 50.00, 10, '2019-10-23 04:37:58', '2019-10-23 04:37:58'),
(40, 39, 'ms-italy', '45,48', 25.00, 10, '2019-11-12 11:34:18', '2019-11-12 11:34:18'),
(37, 38, 'ms-italy', 'Large', 25.00, 5, '2019-11-12 01:16:07', '2019-11-12 11:24:38'),
(39, 38, 'ms-italy', 'M', 50.00, 10, '2019-11-12 11:33:39', '2019-11-12 11:33:39'),
(41, 39, 'ms-italy', 'S M X XL', 80.00, 6, '2019-11-12 11:34:51', '2019-11-12 11:34:51');

-- --------------------------------------------------------

--
-- Table structure for table `tblgallery`
--

CREATE TABLE `tblgallery` (
  `id` int(10) UNSIGNED NOT NULL,
  `products_id` int(11) NOT NULL,
  `image` varchar(191) COLLATE utf8mb4_unicode_ci NOT NULL,
  `created_at` timestamp NULL DEFAULT NULL,
  `updated_at` timestamp NULL DEFAULT NULL
) ENGINE=MyISAM DEFAULT CHARSET=utf8mb4 COLLATE=utf8mb4_unicode_ci;

--
-- Dumping data for table `tblgallery`
--

INSERT INTO `tblgallery` (`id`, `products_id`, `image`, `created_at`, `updated_at`) VALUES
(8, 27, '7664271544063472.jpg', '2018-12-05 19:31:12', '2018-12-05 19:31:12'),
(9, 27, '6768551544063472.jpg', '2018-12-05 19:31:13', '2018-12-05 19:31:13'),
(10, 27, '4131281544063473.jpg', '2018-12-05 19:31:13', '2018-12-05 19:31:13'),
(11, 28, '6720891544063734.jpg', '2018-12-05 19:35:34', '2018-12-05 19:35:34'),
(12, 28, '4686631544063734.jpg', '2018-12-05 19:35:34', '2018-12-05 19:35:34'),
(13, 28, '5960611544063759.jpeg', '2018-12-05 19:35:59', '2018-12-05 19:35:59'),
(14, 29, '5146071544063935.JPG', '2018-12-05 19:38:55', '2018-12-05 19:38:55'),
(15, 29, '762811544063935.jpg', '2018-12-05 19:38:55', '2018-12-05 19:38:55'),
(16, 29, '3716041544063935.jpg', '2018-12-05 19:38:56', '2018-12-05 19:38:56'),
(17, 30, '6832831544064156.jpg', '2018-12-05 19:42:37', '2018-12-05 19:42:37'),
(18, 30, '1655391544064157.jpg', '2018-12-05 19:42:37', '2018-12-05 19:42:37'),
(19, 30, '4693601544064157.jpg', '2018-12-05 19:42:37', '2018-12-05 19:42:37'),
(20, 31, '9233341544064441.jpg', '2018-12-05 19:47:21', '2018-12-05 19:47:21'),
(21, 31, '8167501544064441.jpg', '2018-12-05 19:47:22', '2018-12-05 19:47:22'),
(22, 31, '3887071544064442.jpg', '2018-12-05 19:47:22', '2018-12-05 19:47:22'),
(23, 32, '3998691544064618.jpg', '2018-12-05 19:50:18', '2018-12-05 19:50:18'),
(24, 32, '1159141544064618.jpg', '2018-12-05 19:50:18', '2018-12-05 19:50:18'),
(25, 32, '2035101544064618.jpg', '2018-12-05 19:50:18', '2018-12-05 19:50:18'),
(26, 33, '2128501544064917.jpg', '2018-12-05 19:55:17', '2018-12-05 19:55:17'),
(27, 33, '5649911544064917.jpg', '2018-12-05 19:55:17', '2018-12-05 19:55:17'),
(28, 33, '3704141544064917.jpg', '2018-12-05 19:55:17', '2018-12-05 19:55:17'),
(29, 34, '3899431544065346.JPG', '2018-12-05 20:02:26', '2018-12-05 20:02:26'),
(30, 34, '119131544065346.jpg', '2018-12-05 20:02:27', '2018-12-05 20:02:27'),
(31, 34, '6905491544065347.jpg', '2018-12-05 20:02:27', '2018-12-05 20:02:27'),
(32, 35, '981591544065510.jpeg', '2018-12-05 20:05:10', '2018-12-05 20:05:10'),
(33, 35, '5320811544065510.jpg', '2018-12-05 20:05:11', '2018-12-05 20:05:11'),
(34, 35, '1153181544065511.jpg', '2018-12-05 20:05:11', '2018-12-05 20:05:11'),
(35, 37, '9439491571808820.jpg', '2019-10-23 04:33:40', '2019-10-23 04:33:40'),
(36, 37, '3192471571808820.jpg', '2019-10-23 04:33:41', '2019-10-23 04:33:41'),
(37, 37, '1456461571808821.jpg', '2019-10-23 04:33:41', '2019-10-23 04:33:41'),
(38, 38, '3418641573524793.jpg', '2019-11-12 01:13:15', '2019-11-12 01:13:15'),
(39, 38, '6838101573524795.jpg', '2019-11-12 01:13:16', '2019-11-12 01:13:16'),
(40, 38, '7666091573524796.jpg', '2019-11-12 01:13:16', '2019-11-12 01:13:16'),
(41, 38, '4771671573524796.jpg', '2019-11-12 01:13:16', '2019-11-12 01:13:16'),
(42, 39, '4283641573525044.jpg', '2019-11-12 01:17:25', '2019-11-12 01:17:25'),
(43, 39, '3264171573525045.jpg', '2019-11-12 01:17:25', '2019-11-12 01:17:25'),
(44, 39, '2731631573525045.jpg', '2019-11-12 01:17:25', '2019-11-12 01:17:25'),
(45, 39, '4396421573525045.jpg', '2019-11-12 01:17:25', '2019-11-12 01:17:25');

-- --------------------------------------------------------

--
-- Table structure for table `testimonies`
--

CREATE TABLE `testimonies` (
  `id` bigint(20) UNSIGNED NOT NULL,
  `title` varchar(191) COLLATE utf8mb4_unicode_ci NOT NULL,
  `name` varchar(191) COLLATE utf8mb4_unicode_ci NOT NULL,
  `testimony` varchar(191) COLLATE utf8mb4_unicode_ci NOT NULL,
  `image` varchar(255) COLLATE utf8mb4_unicode_ci NOT NULL DEFAULT 'avatar.png',
  `created_at` timestamp NULL DEFAULT NULL,
  `updated_at` timestamp NULL DEFAULT NULL
) ENGINE=InnoDB DEFAULT CHARSET=utf8mb4 COLLATE=utf8mb4_unicode_ci;

--
-- Dumping data for table `testimonies`
--

INSERT INTO `testimonies` (`id`, `title`, `name`, `testimony`, `image`, `created_at`, `updated_at`) VALUES
(1, 'Happy Customer', 'Test Test', 'I love Olex stores, it\'s the best online shop ever.', '1573835784.jpg', '2019-11-15 15:29:38', '2019-11-15 15:36:24'),
(2, 'Happy Customer', 'Test Test', 'Test TestTest TestTest TestTest TestTest TestTest TestTest TestTest TestTest TestTest TestTest TestTest TestTest TestTest TestTest TestTest TestTest TestTest TestTest TestTest Test', '1573835843.jpg', '2019-11-15 15:37:23', '2019-11-15 15:37:23'),
(3, 'Happy Customer', 'Test Test', 'Test TestTest TestTest TestTest TestTest TestTest TestTest TestTest TestTest TestTest TestTest TestTest TestTest TestTest TestTest TestTest TestTest TestTest TestTest TestTest TestTest Test', '1573835881.jpg', '2019-11-15 15:38:01', '2019-11-15 15:38:01');

-- --------------------------------------------------------

--
-- Table structure for table `users`
--

CREATE TABLE `users` (
  `id` int(10) UNSIGNED NOT NULL,
  `name` varchar(191) COLLATE utf8mb4_unicode_ci NOT NULL,
  `email` varchar(191) COLLATE utf8mb4_unicode_ci NOT NULL,
  `email_verified_at` timestamp NULL DEFAULT NULL,
  `password` varchar(191) COLLATE utf8mb4_unicode_ci NOT NULL,
  `admin` tinyint(4) DEFAULT NULL,
  `remember_token` varchar(100) COLLATE utf8mb4_unicode_ci DEFAULT NULL,
  `created_at` timestamp NULL DEFAULT NULL,
  `updated_at` timestamp NULL DEFAULT NULL,
  `address` text COLLATE utf8mb4_unicode_ci DEFAULT NULL,
  `city` varchar(191) COLLATE utf8mb4_unicode_ci DEFAULT NULL,
  `state` varchar(191) COLLATE utf8mb4_unicode_ci DEFAULT NULL,
  `country` varchar(191) COLLATE utf8mb4_unicode_ci DEFAULT NULL,
  `pincode` varchar(191) COLLATE utf8mb4_unicode_ci DEFAULT NULL,
  `mobile` varchar(191) COLLATE utf8mb4_unicode_ci DEFAULT NULL
) ENGINE=MyISAM DEFAULT CHARSET=utf8mb4 COLLATE=utf8mb4_unicode_ci;

--
-- Dumping data for table `users`
--

INSERT INTO `users` (`id`, `name`, `email`, `email_verified_at`, `password`, `admin`, `remember_token`, `created_at`, `updated_at`, `address`, `city`, `state`, `country`, `pincode`, `mobile`) VALUES
(1, 'WeShare', 'demo@gmail.com', NULL, '$2y$10$IrFJMW1pu1g4WY1sDs1KhurJVWF7sNKUmLoE4FZDVwfAZekUV6Usm', 1, 'apwu2HqlmUPgibnb1T9Vu1ZVcQqCaRH2gaCgVDaGa38R3RLT3FaMxIKICqky', '2018-10-15 02:32:54', '2018-12-05 01:39:52', '123 Street', 'Phnom Penh', 'PP', 'Cambodia', '12252', '010313234'),
(4, 'weshare', 'weshare@gmail.com', NULL, '$2y$10$3Ccxg17LYw/.qS7ib5Xcr.T5po6AXUsnjEcEI4IHcQ0MGkcuRfO.O', NULL, 'za7FtmzYvfzBYmkQtE5tfvStl7dY3Z6uZKSpuRtBRIvlbXzM0csZEQYzjuEb', '2018-12-06 01:40:27', '2018-12-06 01:40:27', NULL, NULL, NULL, NULL, NULL, NULL),
(5, 'Test', 'test@gmail.com', NULL, '$2y$10$IrFJMW1pu1g4WY1sDs1KhurJVWF7sNKUmLoE4FZDVwfAZekUV6Usm', NULL, 'R9d3m6XvsYdB8ByTOP6iCVCSYOtearXANtWGW9m26tqfnts45flDYCXLIQ4b', '2019-10-23 03:55:37', '2019-10-23 03:55:37', '22 off-bridge crescent', 'FCT', 'Abuja', 'Nigeria', '110100', '09023458765');

--
-- Indexes for dumped tables
--

--
-- Indexes for table `blogs`
--
ALTER TABLE `blogs`
  ADD PRIMARY KEY (`id`);

--
-- Indexes for table `carousels`
--
ALTER TABLE `carousels`
  ADD PRIMARY KEY (`id`);

--
-- Indexes for table `cart`
--
ALTER TABLE `cart`
  ADD PRIMARY KEY (`id`);

--
-- Indexes for table `categories`
--
ALTER TABLE `categories`
  ADD PRIMARY KEY (`id`),
  ADD UNIQUE KEY `slug` (`name`);

--
-- Indexes for table `countries`
--
ALTER TABLE `countries`
  ADD PRIMARY KEY (`id`);

--
-- Indexes for table `coupons`
--
ALTER TABLE `coupons`
  ADD PRIMARY KEY (`id`);

--
-- Indexes for table `delivery_address`
--
ALTER TABLE `delivery_address`
  ADD PRIMARY KEY (`id`);

--
-- Indexes for table `migrations`
--
ALTER TABLE `migrations`
  ADD PRIMARY KEY (`id`);

--
-- Indexes for table `newsletters`
--
ALTER TABLE `newsletters`
  ADD PRIMARY KEY (`id`);

--
-- Indexes for table `orders`
--
ALTER TABLE `orders`
  ADD PRIMARY KEY (`id`);

--
-- Indexes for table `password_resets`
--
ALTER TABLE `password_resets`
  ADD KEY `password_resets_email_index` (`email`);

--
-- Indexes for table `products`
--
ALTER TABLE `products`
  ADD PRIMARY KEY (`id`);

--
-- Indexes for table `product_att`
--
ALTER TABLE `product_att`
  ADD PRIMARY KEY (`id`);

--
-- Indexes for table `tblgallery`
--
ALTER TABLE `tblgallery`
  ADD PRIMARY KEY (`id`);

--
-- Indexes for table `testimonies`
--
ALTER TABLE `testimonies`
  ADD PRIMARY KEY (`id`);

--
-- Indexes for table `users`
--
ALTER TABLE `users`
  ADD PRIMARY KEY (`id`),
  ADD UNIQUE KEY `users_email_unique` (`email`);

--
-- AUTO_INCREMENT for dumped tables
--

--
-- AUTO_INCREMENT for table `blogs`
--
ALTER TABLE `blogs`
  MODIFY `id` int(10) UNSIGNED NOT NULL AUTO_INCREMENT, AUTO_INCREMENT=5;

--
-- AUTO_INCREMENT for table `carousels`
--
ALTER TABLE `carousels`
  MODIFY `id` bigint(20) UNSIGNED NOT NULL AUTO_INCREMENT, AUTO_INCREMENT=5;

--
-- AUTO_INCREMENT for table `cart`
--
ALTER TABLE `cart`
  MODIFY `id` int(10) UNSIGNED NOT NULL AUTO_INCREMENT, AUTO_INCREMENT=56;

--
-- AUTO_INCREMENT for table `categories`
--
ALTER TABLE `categories`
  MODIFY `id` int(10) UNSIGNED NOT NULL AUTO_INCREMENT, AUTO_INCREMENT=31;

--
-- AUTO_INCREMENT for table `countries`
--
ALTER TABLE `countries`
  MODIFY `id` int(10) UNSIGNED NOT NULL AUTO_INCREMENT, AUTO_INCREMENT=298;

--
-- AUTO_INCREMENT for table `coupons`
--
ALTER TABLE `coupons`
  MODIFY `id` int(10) UNSIGNED NOT NULL AUTO_INCREMENT, AUTO_INCREMENT=10;

--
-- AUTO_INCREMENT for table `delivery_address`
--
ALTER TABLE `delivery_address`
  MODIFY `id` int(10) UNSIGNED NOT NULL AUTO_INCREMENT, AUTO_INCREMENT=5;

--
-- AUTO_INCREMENT for table `migrations`
--
ALTER TABLE `migrations`
  MODIFY `id` int(10) UNSIGNED NOT NULL AUTO_INCREMENT, AUTO_INCREMENT=24;

--
-- AUTO_INCREMENT for table `newsletters`
--
ALTER TABLE `newsletters`
  MODIFY `id` int(10) UNSIGNED NOT NULL AUTO_INCREMENT, AUTO_INCREMENT=3;

--
-- AUTO_INCREMENT for table `orders`
--
ALTER TABLE `orders`
  MODIFY `id` int(10) UNSIGNED NOT NULL AUTO_INCREMENT, AUTO_INCREMENT=28;

--
-- AUTO_INCREMENT for table `products`
--
ALTER TABLE `products`
  MODIFY `id` int(10) UNSIGNED NOT NULL AUTO_INCREMENT, AUTO_INCREMENT=40;

--
-- AUTO_INCREMENT for table `product_att`
--
ALTER TABLE `product_att`
  MODIFY `id` int(10) UNSIGNED NOT NULL AUTO_INCREMENT, AUTO_INCREMENT=42;

--
-- AUTO_INCREMENT for table `tblgallery`
--
ALTER TABLE `tblgallery`
  MODIFY `id` int(10) UNSIGNED NOT NULL AUTO_INCREMENT, AUTO_INCREMENT=46;

--
-- AUTO_INCREMENT for table `testimonies`
--
ALTER TABLE `testimonies`
  MODIFY `id` bigint(20) UNSIGNED NOT NULL AUTO_INCREMENT, AUTO_INCREMENT=4;

--
-- AUTO_INCREMENT for table `users`
--
ALTER TABLE `users`
  MODIFY `id` int(10) UNSIGNED NOT NULL AUTO_INCREMENT, AUTO_INCREMENT=6;
COMMIT;

/*!40101 SET CHARACTER_SET_CLIENT=@OLD_CHARACTER_SET_CLIENT */;
/*!40101 SET CHARACTER_SET_RESULTS=@OLD_CHARACTER_SET_RESULTS */;
/*!40101 SET COLLATION_CONNECTION=@OLD_COLLATION_CONNECTION */;
